,station id,station latitude,station longitude,station name,year
0,72,40.76727216,-73.99392888,W 52 St & 11 Ave,2019
1,79,40.71911552,-74.00666661,Franklin St & W Broadway,2019
2,82,40.71117416,-74.00016545,St James Pl & Pearl St,2019
3,83,40.68382604,-73.97632328,Atlantic Ave & Fort Greene Pl,2019
4,116,40.74177603,-74.00149746,W 17 St & 8 Ave,2019
5,119,40.69608941,-73.97803415,Park Ave & St Edwards St,2019
6,120,40.68676793,-73.95928168,Lexington Ave & Classon Ave,2019
7,127,40.73172428,-74.00674436,Barrow St & Hudson St,2019
8,128,40.72710258,-74.00297088,MacDougal St & Prince St,2019
9,143,40.69239502,-73.99337909,Clinton St & Joralemon St,2019
10,144,40.69839895,-73.98068914,Nassau St & Navy St,2019
11,146,40.71625008,-74.0091059,Hudson St & Reade St,2019
12,150,40.720873600000004,-73.98085795,E 2 St & Avenue C,2019
13,151,40.72210378668603,-73.99724900722505,Cleveland Pl & Spring St,2019
14,157,40.69089272,-73.99612349,Henry St & Atlantic Ave,2019
15,161,40.72917025,-73.99810231,LaGuardia Pl & W 3 St,2019
16,164,40.75323098,-73.97032517,E 47 St & 2 Ave,2019
17,167,40.7489006,-73.97604882,E 39 St & 3 Ave,2019
18,168,40.73971301,-73.99456405,W 18 St & 6 Ave,2019
19,173,40.76068327096592,-73.98452728986742,Broadway & W 49 St,2019
20,174,40.7381765,-73.97738662,E 25 St & 1 Ave,2019
21,195,40.70905623,-74.01043382,Liberty St & Broadway,2019
22,212,40.74334935,-74.00681753,W 16 St & The High Line,2019
23,216,40.70037867,-73.99548059,Columbia Heights & Cranberry St,2019
24,217,40.70277159,-73.99383605,Old Fulton St,2019
25,223,40.73781509,-73.99994661,W 13 St & 7 Ave,2019
26,224,40.71146364,-74.00552427,Spruce St & Nassau St,2019
27,228,40.7546011026,-73.971878855,E 48 St & 3 Ave,2019
28,229,40.72743423,-73.99379025,Great Jones St,2019
29,236,40.7284186,-73.98713956,St Marks Pl & 2 Ave,2019
30,237,40.73047309,-73.98672378,E 11 St & 2 Ave,2019
31,238,40.7361967,-74.00859207,Bank St & Washington St,2019
32,239,40.69196566,-73.9813018,Willoughby St & Fleet St,2019
33,241,40.68981035,-73.97493121,DeKalb Ave & S Portland Ave,2019
34,242,40.697787,-73.973736,Carlton Ave & Flushing Ave,2019
35,243,40.68841,-73.979458,Fulton St & Rockwell Pl,2019
36,244,40.69196035,-73.96536851,Willoughby Ave & Hall St,2019
37,245,40.69327018,-73.97703874,Myrtle Ave & St Edwards St,2019
38,247,40.73535398,-74.00483091,Perry St & Bleecker St,2019
39,248,40.72185379,-74.00771779,Laight St & Hudson St,2019
40,249,40.71870987,-74.0090009,Harrison St & Hudson St,2019
41,250,40.72456089,-73.99565293,Lafayette St & Jersey St,2019
42,251,40.72317958,-73.99480012,Mott St & Prince St,2019
43,252,40.73226398,-73.99852205,MacDougal St & Washington Sq,2019
44,254,40.73532427,-73.99800419,W 11 St & 6 Ave,2019
45,257,40.71939226,-74.00247214,Lispenard St & Broadway,2019
46,258,40.68940747,-73.96885458,DeKalb Ave & Vanderbilt Ave,2019
47,259,40.70122128,-74.01234218,South St & Whitehall St,2019
48,260,40.70365182,-74.01167797,Broad St & Bridge St,2019
49,261,40.69474881,-73.98362464,Johnson St & Gold St,2019
50,262,40.6917823,-73.97372990000001,Washington Park,2019
51,264,40.70706456,-74.00731853,Maiden Ln & Pearl St,2019
52,265,40.72229346,-73.99147535,Stanton St & Chrystie St,2019
53,266,40.72368361,-73.97574813,Avenue D & E 8 St,2019
54,267,40.75097711,-73.98765428,Broadway & W 36 St,2019
55,268,40.71910537,-73.99973337,Howard St & Centre St,2019
56,270,40.69308257,-73.97178913,Adelphi St & Myrtle Ave,2019
57,274,40.68691865,-73.976682,Lafayette Ave & Fort Greene Pl,2019
58,275,40.68650065,-73.96563307,Washington Ave & Greene Ave,2019
59,276,40.71748752,-74.0104554,Duane St & Greenwich St,2019
60,278,40.69766564,-73.98476437,Concord St & Bridge St,2019
61,279,40.707873,-74.00166999999999,Peck Slip & Front St,2019
62,280,40.73331967,-73.99510132,E 10 St & 5 Ave,2019
63,281,40.764397100000004,-73.97371465,Grand Army Plaza & Central Park S,2019
64,282,40.7076449441757,-73.96841526031494,Kent Ave & S 11 St,2019
65,284,40.7390169121,-74.0026376103,Greenwich Ave & 8 Ave,2019
66,285,40.73454567,-73.99074142,Broadway & E 14 St,2019
67,289,40.684568299999995,-73.95881081,Monroe St & Classon Ave,2019
68,291,40.713126,-73.984844,Madison St & Montgomery St,2019
69,293,40.73020660529954,-73.99102628231049,Lafayette St & E 8 St,2019
70,295,40.71406667,-73.99293911,Pike St & E Broadway,2019
71,296,40.71413089,-73.99704679999999,Division St & Bowery,2019
72,297,40.734232,-73.986923,E 15 St & 3 Ave,2019
73,298,40.68683208,-73.9796772,3 Ave & Schermerhorn St,2019
74,301,40.72217444,-73.98368779,E 2 St & Avenue B,2019
75,302,40.72082834,-73.97793172,Avenue D & E 3 St,2019
76,303,40.72362738,-73.99949601,Mercer St & Spring St,2019
77,304,40.70463334,-74.01361706,Broadway & Battery Pl,2019
78,305,40.76095756,-73.96724467,E 58 St & 3 Ave,2019
79,307,40.71427487,-73.98990025,Canal St & Rutgers St,2019
80,308,40.71307916,-73.99851193,St James Pl & Oliver St,2019
81,309,40.7149787,-74.013012,Murray St & West St,2019
82,310,40.68926942,-73.98912867,State St & Smith St,2019
83,311,40.7172274,-73.98802084,Norfolk St & Broome St,2019
84,312,40.722055,-73.989111,Allen St & Stanton St,2019
85,313,40.69610226,-73.96751037,Washington Ave & Park Ave,2019
86,314,40.69383,-73.990539,Cadman Plaza West & Montague St,2019
87,315,40.70355377,-74.00670227,South St & Gouverneur Ln,2019
88,316,40.70955958,-74.00653609,Fulton St & William St,2019
89,317,40.72453734,-73.98185424,E 6 St & Avenue B,2019
90,319,40.711065999999995,-74.009447,Fulton St & Broadway,2019
91,320,40.717571,-74.005549,Leonard St & Church St,2019
92,321,40.69991755,-73.98971773,Cadman Plaza E & Red Cross Pl,2019
93,323,40.69236178,-73.98631746,Lawrence St & Willoughby St,2019
94,324,40.689888,-73.981013,DeKalb Ave & Hudson Ave,2019
95,325,40.73624527,-73.98473765,E 19 St & 3 Ave,2019
96,326,40.72953837,-73.98426726,E 11 St & 1 Ave,2019
97,327,40.715337899999994,-74.01658354,Vesey Pl & River Terrace,2019
98,328,40.72405549,-74.00965965,Watts St & Greenwich St,2019
99,330,40.71450451,-74.00562789,Reade St & Broadway,2019
100,331,40.71173107,-73.99193043,Pike St & Monroe St,2019
101,332,40.71219906,-73.97948148,Cherry St,2019
102,334,40.74238787,-73.99726235,W 20 St & 7 Ave,2019
103,335,40.72903917,-73.99404649,Washington Pl & Broadway,2019
104,336,40.73047747,-73.99906065,Sullivan St & Washington Sq,2019
105,337,40.703799200000006,-74.00838676,Old Slip & Front St,2019
106,339,40.72580614,-73.97422494,Avenue D & E 12 St,2019
107,340,40.71269042,-73.98776323,Madison St & Clinton St,2019
108,341,40.71782143,-73.97628939,Stanton St & Mangin St,2019
109,342,40.71739973,-73.98016555,Columbia St & Rivington St,2019
110,343,40.69794,-73.96986848,Clinton Ave & Flushing Ave,2019
111,344,40.6851443,-73.95380904,Monroe St & Bedford Ave,2019
112,346,40.73652889,-74.00618026,Bank St & Hudson St,2019
113,347,40.728846000000004,-74.00859100000001,Greenwich St & W Houston St,2019
114,349,40.71850211,-73.98329859,Rivington St & Ridge St,2019
115,350,40.71559509,-73.9870295,Clinton St & Grand St,2019
116,351,40.70530954,-74.00612572,Front St & Maiden Ln,2019
117,353,40.68539567,-73.97431458,S Portland Ave & Hanson Pl,2019
118,354,40.69363137,-73.96223558,Emerson Pl & Myrtle Ave,2019
119,355,40.71602118,-73.99974372,Bayard St & Baxter St,2019
120,356,40.71622644,-73.98261206,Bialystoker Pl & Delancey St,2019
121,358,40.73291553,-74.00711384,Christopher St & Greenwich St,2019
122,359,40.75510267,-73.97498696,E 47 St & Park Ave,2019
123,360,40.70717936,-74.00887308,William St & Pine St,2019
124,361,40.71605866,-73.99190759,Allen St & Hester St,2019
125,362,40.75172632,-73.98753523,Broadway & W 37 St,2019
126,363,40.70834698,-74.01713445,West Thames St,2019
127,364,40.68900443,-73.96023854,Lafayette Ave & Classon Ave,2019
128,366,40.693261,-73.968896,Clinton Ave & Myrtle Ave,2019
129,368,40.73038599,-74.00214988,Carmine St & 6 Ave,2019
130,369,40.73224119,-74.00026394,Washington Pl & 6 Ave,2019
131,372,40.694546087246025,-73.95801365375519,Franklin Ave & Myrtle Ave,2019
132,373,40.69331716,-73.95381995,Willoughby Ave & Walworth St,2019
133,376,40.70862144,-74.00722156,John St & William St,2019
134,377,40.72243797,-74.00566443,6 Ave & Canal St,2019
135,379,40.749156,-73.9916,W 31 St & 7 Ave,2019
136,380,40.73401143,-74.00293877,W 4 St & 7 Ave S,2019
137,382,40.73492695,-73.99200509,University Pl & E 14 St (old),2019
138,383,40.735238,-74.000271,Greenwich Ave & Charles St,2019
139,385,40.75797322,-73.96603308,E 55 St & 2 Ave,2019
140,386,40.71494807,-74.00234482,Centre St & Worth St,2019
141,387,40.71273266,-74.0046073,Centre St & Chambers St,2019
142,388,40.749717753,-74.002950346,W 26 St & 10 Ave,2019
143,389,40.71044554,-73.96525063,Broadway & Berry St,2019
144,390,40.69221589,-73.9842844,Duffield St & Willoughby St,2019
145,391,40.69760127,-73.99344559,Clark St & Henry St,2019
146,392,40.695065,-73.987167,Jay St & Tech Pl,2019
147,393,40.72299208,-73.97995466,E 5 St & Avenue C,2019
148,394,40.72521311,-73.97768752,E 9 St & Avenue C,2019
149,396,40.680342423,-73.9557689392,Lefferts Pl & Franklin Ave,2019
150,397,40.68415748,-73.96922273,Fulton St & Clermont Ave,2019
151,398,40.69165183,-73.99997859999999,Atlantic Ave & Furman St,2019
152,399,40.68851534,-73.9647628,Lafayette Ave & St James Pl,2019
153,400,40.71926081,-73.98178024,Pitt St & Stanton St,2019
154,401,40.72019576,-73.98997825,Allen St & Rivington St,2019
155,402,40.740343200000005,-73.98955109,Broadway & E 22 St,2019
156,403,40.72502876,-73.99069656,E 2 St & 2 Ave,2019
157,405,40.739323,-74.008119,Washington St & Gansevoort St,2019
158,406,40.69512845,-73.99595065,Hicks St & Montague St,2019
159,408,40.71076228,-73.99400398,Market St & Cherry St,2019
160,410,40.72066442,-73.98517977,Suffolk St & Stanton St,2019
161,411,40.72228087,-73.97668709,E 6 St & Avenue D,2019
162,412,40.715815500000005,-73.99422366,Forsyth St & Canal St,2019
163,415,40.7047177,-74.00926027,Pearl St & Hanover Square,2019
164,416,40.68753406,-73.97265183,Cumberland St & Lafayette Ave,2019
165,417,40.71291224,-74.01020234,Barclay St & Church St,2019
166,418,40.70224,-73.982578,Front St & Gold St,2019
167,419,40.69580705,-73.97355569,Carlton Ave & Park Ave,2019
168,420,40.68764484,-73.96968902,Clermont Ave & Lafayette Ave,2019
169,421,40.69573398,-73.97129668,Clermont Ave & Park Ave,2019
170,422,40.770513,-73.988038,W 59 St & 10 Ave,2019
171,423,40.76584941,-73.98690506,W 54 St & 9 Ave,2019
172,426,40.71754834,-74.01322069,West St & Chambers St,2019
173,427,40.701907,-74.013942,Bus Slip & State St,2019
174,432,40.72621788,-73.98379855,E 7 St & Avenue A,2019
175,434,40.74317449,-74.00366443,9 Ave & W 18 St,2019
176,435,40.74173969,-73.99415556,W 21 St & 6 Ave,2019
177,436,40.68216564,-73.95399026,Hancock St & Bedford Ave,2019
178,437,40.6809833854,-73.9500479759,Macon St & Nostrand Ave,2019
179,438,40.72779126,-73.98564945,St Marks Pl & 1 Ave,2019
180,439,40.726280700000004,-73.98978041,E 4 St & 2 Ave,2019
181,440,40.75255434,-73.97282625,E 45 St & 3 Ave,2019
182,442,40.746646999999996,-73.993915,W 27 St & 7 Ave,2019
183,443,40.70853074,-73.96408963,Bedford Ave & S 9 St,2019
184,445,40.72740794,-73.98142006,E 10 St & Avenue A,2019
185,446,40.74487634,-73.99529885,W 24 St & 7 Ave,2019
186,447,40.76370739,-73.9851615,8 Ave & W 52 St,2019
187,448,40.75660359,-73.9979009,W 37 St & 10 Ave,2019
188,450,40.76227205,-73.98788205,W 49 St & 8 Ave,2019
189,453,40.74475148,-73.99915362,W 22 St & 8 Ave,2019
190,454,40.75455731,-73.96592976,E 51 St & 1 Ave,2019
191,455,40.75001986,-73.96905301,1 Ave & E 44 St,2019
192,456,40.75971079999999,-73.97402311,E 53 St & Madison Ave,2019
193,458,40.751396,-74.00522600000001,11 Ave & W 27 St,2019
194,459,40.746745000000004,-74.007756,W 20 St & 11 Ave,2019
195,460,40.71285887,-73.96590294,S 4 St & Wythe Ave,2019
196,461,40.73587678,-73.98205027,E 20 St & 2 Ave,2019
197,462,40.74691959,-74.00451887,W 22 St & 10 Ave,2019
198,464,40.75934501,-73.96759673,E 56 St & 3 Ave,2019
199,465,40.75513557,-73.98658032,Broadway & W 41 St,2019
200,466,40.74395411,-73.99144871,W 25 St & 6 Ave,2019
201,467,40.68312489,-73.97895137,Dean St & 4 Ave,2019
202,468,40.7652654,-73.98192338,Broadway & W 56 St,2019
203,469,40.76344058,-73.98268129,Broadway & W 53 St,2019
204,470,40.74345335,-74.00004031,W 20 St & 8 Ave,2019
205,471,40.71286844,-73.95698119,Grand St & Havemeyer St,2019
206,472,40.745712100000006,-73.98194829,E 32 St & Park Ave,2019
207,473,40.72110063,-73.99192540000001,Rivington St & Chrystie St,2019
208,474,40.7451677,-73.98683077,5 Ave & E 29 St,2019
209,476,40.74394314,-73.97966069,E 31 St & 3 Ave,2019
210,477,40.75640548,-73.9900262,W 41 St & 8 Ave,2019
211,478,40.76030096,-73.99884222,11 Ave & W 41 St,2019
212,479,40.76019252,-73.9912551,9 Ave & W 45 St,2019
213,480,40.76669671,-73.99061728,W 53 St & 10 Ave,2019
214,481,40.71260486,-73.96264403,S 3 St & Bedford Ave,2019
215,482,40.73935542,-73.99931783,W 15 St & 7 Ave,2019
216,483,40.73223272,-73.98889957,E 12 St & 3 Ave,2019
217,484,40.75500254,-73.98014437,W 44 St & 5 Ave,2019
218,485,40.75038009,-73.98338988,W 37 St & 5 Ave,2019
219,486,40.7462009,-73.98855723,Broadway & W 29 St,2019
220,487,40.73314259,-73.97573881,E 20 St & FDR Drive,2019
221,488,40.75645824,-73.99372222,W 39 St & 9 Ave,2019
222,489,40.75066386,-74.00176802,10 Ave & W 28 St,2019
223,490,40.751551,-73.993934,8 Ave & W 33 St,2019
224,491,40.74096374,-73.98602213,E 24 St & Park Ave S,2019
225,492,40.75019995,-73.99093085,W 33 St & 7 Ave,2019
226,493,40.7568001,-73.98291153,W 45 St & 6 Ave,2019
227,494,40.74734825,-73.99723551,W 26 St & 8 Ave,2019
228,495,40.76269882,-73.99301222,W 47 St & 10 Ave,2019
229,496,40.73726186,-73.99238967,E 16 St & 5 Ave,2019
230,497,40.73704984,-73.99009296,E 17 St & Broadway,2019
231,499,40.76915505,-73.98191841,Broadway & W 60 St,2019
232,500,40.76228826,-73.98336183,Broadway & W 51 St,2019
233,501,40.744219,-73.97121214,FDR Drive & E 35 St,2019
234,502,40.714215,-73.981346,Henry St & Grand St,2019
235,503,40.73827428,-73.98751968,E 20 St & Park Ave,2019
236,504,40.73221853,-73.98165557,1 Ave & E 16 St,2019
237,505,40.74901271,-73.98848395,6 Ave & W 33 St,2019
238,507,40.73912601,-73.97973776,E 25 St & 2 Ave,2019
239,508,40.76341379,-73.99667444,W 46 St & 11 Ave,2019
240,509,40.7454973,-74.00197139,9 Ave & W 22 St,2019
241,513,40.768254,-73.988639,W 56 St & 10 Ave,2019
242,514,40.76087502,-74.00277668,12 Ave & W 40 St,2019
243,515,40.76009437,-73.99461843,W 43 St & 10 Ave,2019
244,516,40.75206862,-73.96784384,E 47 St & 1 Ave,2019
245,517,40.751581,-73.97791,Pershing Square South,2019
246,518,40.74780373,-73.97344190000001,E 39 St & 2 Ave,2019
247,519,40.751872999999996,-73.97770600000001,Pershing Square North,2019
248,520,40.75992262,-73.97648516,W 52 St & 5 Ave,2019
249,522,40.75714758,-73.97207836,E 51 St & Lexington Ave,2019
250,523,40.75466591,-73.99138152,W 38 St & 8 Ave,2019
251,525,40.75594159,-74.0021163,W 34 St & 11 Ave,2019
252,526,40.74765947,-73.98490707,E 33 St & 5 Ave,2019
253,528,40.74290902,-73.97706058,2 Ave & E 31 St,2019
254,529,40.75756989999999,-73.99098507,W 42 St & 8 Ave,2019
255,530,40.771496710544405,-73.99046033620834,11 Ave & W 59 St,2019
256,531,40.71893904,-73.99266288,Forsyth St & Broome St,2019
257,532,40.710451,-73.960876,S 5 Pl & S 5 St,2019
258,533,40.75299641,-73.98721619,Broadway & W 38 St,2019
259,534,40.70255065,-74.0127234,Water - Whitehall Plaza,2019
260,536,40.74144387,-73.97536082,1 Ave & E 30 St,2019
261,539,40.71534825,-73.96024116,Metropolitan Ave & Bedford Ave,2019
262,540,40.74311555376486,-73.98215353488922,Lexington Ave & E 29 St,2019
263,545,40.736502,-73.97809472,E 23 St & 1 Ave,2019
264,546,40.74444921,-73.98303529,E 30 St & Park Ave S,2019
265,2000,40.70255088,-73.98940236,Front St & Washington St,2019
266,2002,40.716887,-73.96319799999999,Wythe Ave & Metropolitan Ave,2019
267,2003,40.73381219196632,-73.9805442094803,1 Ave & E 18 St,2019
268,2005,40.70531194,-73.97100056,Railroad Ave & Kay Ave,2019
269,2006,40.76590936,-73.97634151,Central Park S & 6 Ave,2019
270,2008,40.70569254,-74.01677685,Little West St & 1 Pl,2019
271,2009,40.71117444,-73.99682619,Catherine St & Monroe St,2019
272,2012,40.739445,-73.97680600000001,E 27 St & 1 Ave,2019
273,2017,40.75022392,-73.97121414,E 43 St & 2 Ave,2019
274,2021,40.75929124,-73.98859651,W 45 St & 8 Ave,2019
275,2022,40.759107,-73.959223,E 60 St & York Ave,2019
276,3002,40.711512,-74.01575600000001,South End Ave & Liberty St,2019
277,3016,40.72036775298455,-73.96165072917937,Kent Ave & N 7 St,2019
278,3041,40.67890679,-73.94142771,Kingston Ave & Herkimer St,2019
279,3042,40.6794268,-73.92989109999999,Fulton St & Utica Ave,2019
280,3043,40.6814598,-73.934903,Lewis Ave & Decatur St,2019
281,3044,40.6800105,-73.938475,Albany Ave & Fulton St,2019
282,3046,40.682601,-73.938037,Marcus Garvey Blvd & Macon St,2019
283,3047,40.682368700000005,-73.944118,Halsey St & Tompkins Ave,2019
284,3048,40.684020000000004,-73.94977,Putnam Ave & Nostrand Ave,2019
285,3049,40.68488,-73.96304,Cambridge Pl & Gates Ave,2019
286,3050,40.6851532,-73.94111,Putnam Ave & Throop Ave,2019
287,3052,40.686312,-73.935775,Lewis Ave & Madison St,2019
288,3053,40.6900815,-73.94791500000001,Marcy Ave & Lafayette Ave,2019
289,3054,40.6894932,-73.942061,Greene Ave & Throop Ave,2019
290,3055,40.68833370000001,-73.950916,Greene Ave & Nostrand Ave,2019
291,3056,40.69072549,-73.95133465,Kosciuszko St & Nostrand Ave,2019
292,3057,40.69128258,-73.9452416,Kosciuszko St & Tompkins Ave,2019
293,3058,40.69237074,-73.93705428,Lewis Ave & Kosciuszko St,2019
294,3059,40.693398200000004,-73.939877,Pulaski St & Marcus Garvey Blvd,2019
295,3060,40.69425403,-73.94626915,Willoughby Ave & Tompkins Ave,2019
296,3061,40.69622937,-73.94371094,Throop Ave & Myrtle Ave,2019
297,3062,40.69539817,-73.94954908,Myrtle Ave & Marcy Ave,2019
298,3063,40.69527008,-73.95238108,Nostrand Ave & Myrtle Ave,2019
299,3064,40.69681963,-73.93756926,Myrtle Ave & Lewis Ave,2019
300,3065,40.70029511,-73.95032283,Union Ave & Wallabout St,2019
301,3066,40.69957608,-73.94708417,Tompkins Ave & Hopkins St,2019
302,3067,40.7016657,-73.9437303,Broadway & Whipple St,2019
303,3068,40.7031724,-73.940636,Humboldt St & Varet St,2019
304,3069,40.70411791,-73.94818595,Lorimer St & Broadway,2019
305,3070,40.70510918,-73.94407279,McKibbin St & Manhattan Ave,2019
306,3071,40.70538077,-73.94976519,Boerum St & Broadway,2019
307,3072,40.70583339,-73.94644578,Leonard St & Boerum St,2019
308,3074,40.70767788,-73.94016171,Montrose Ave & Bushwick Ave,2019
309,3075,40.70708701,-73.95796783,Division Ave & Marcy Ave,2019
310,3076,40.70870368,-73.9448625,Scholes St & Manhattan Ave,2019
311,3077,40.70877084,-73.95095259,Stagg St & Union Ave,2019
312,3078,40.70924826276157,-73.96063148975372,Broadway & Roebling St,2019
313,3080,40.709340000000005,-73.95608,S 4 St & Rodney St,2019
314,3081,40.711863,-73.944024,Graham Ave & Grand St,2019
315,3082,40.71167351,-73.95141312,Hope St & Union Ave,2019
316,3083,40.71247661,-73.94100005,Bushwick Ave & Powers St,2019
317,3085,40.714690000000004,-73.95739,Roebling St & N 4 St,2019
318,3086,40.715143,-73.944507,Graham Ave & Conselyea St,2019
319,3087,40.71413311,-73.95234386,Metropolitan Ave & Meeker Ave,2019
320,3088,40.7160751,-73.95202900000001,Union Ave & Jackson St,2019
321,3092,40.7190095,-73.95852515,Berry St & N 8 St,2019
322,3093,40.71745169,-73.95850939,N 6 St & Bedford Ave,2019
323,3094,40.7169811,-73.94485918,Graham Ave & Withers St,2019
324,3095,40.71929301,-73.94500379,Graham Ave & Herbert St,2019
325,3096,40.71924,-73.95241999999999,Union Ave & N 12 St,2019
326,3100,40.724812564400175,-73.94752621650694,Nassau Ave & Newell St,2019
327,3101,40.72079821,-73.95484712,N 12 St & Bedford Ave,2019
328,3102,40.72179134,-73.95041540000001,Driggs Ave & Lorimer St,2019
329,3105,40.724055,-73.955736,N 15 St & Wythe Ave,2019
330,3106,40.72325,-73.94308000000001,Driggs Ave & N Henry St,2019
331,3107,40.72311651,-73.95212324,Bedford Ave & Nassau Ave,2019
332,3108,40.725570000000005,-73.94434,Nassau Ave & Russell St,2019
333,3109,40.72606,-73.95621,Banker St & Meserole Ave,2019
334,3110,40.72708584,-73.95299117,Meserole Ave & Manhattan Ave,2019
335,3112,40.72906,-73.95779,Milton St & Franklin St,2019
336,3113,40.730259999999994,-73.95394,Greenpoint Ave & Manhattan Ave,2019
337,3115,40.73232194,-73.9550858,India St & Manhattan Ave,2019
338,3116,40.732659999999996,-73.95826,Huron St & Franklin St,2019
339,3117,40.735640000000004,-73.95866,Franklin St & Dupont St,2019
340,3118,40.73555,-73.95284000000001,McGuinness Blvd & Eagle St,2019
341,3119,40.74232744,-73.95411749,Vernon Blvd & 50 Ave,2019
342,3121,40.74524768,-73.94733276,Jackson Ave & 46 Rd,2019
343,3122,40.74436328706688,-73.95587325096129,48 Ave & 5 St,2019
344,3123,40.74469738,-73.93540375,31 St & Thomson Ave,2019
345,3124,40.74731,-73.95451,46 Ave & 5 St,2019
346,3125,40.74708586,-73.94977234,45 Rd & 11 St,2019
347,3126,40.74718234,-73.9432635,44 Dr & Jackson Ave,2019
348,3127,40.74966,-73.9521,9 St & 44 Rd,2019
349,3128,40.75052534,-73.94594845,21 St & 43 Ave,2019
350,3129,40.75110165,-73.94073717,Queens Plaza North & Crescent St,2019
351,3130,40.75325964,-73.94335788,21 St & Queens Plaza North,2019
352,3131,40.76712840349542,-73.96224617958069,E 68 St & 3 Ave,2019
353,3132,40.76350532,-73.97109243,E 59 St & Madison Ave,2019
354,3134,40.76312584,-73.96526895,3 Ave & E 62 St,2019
355,3135,40.77112927,-73.95772297,E 75 St & 3 Ave,2019
356,3136,40.766368,-73.971518,5 Ave & E 63 St,2019
357,3137,40.77282817,-73.96685276,5 Ave & E 73 St,2019
358,3139,40.77118287540658,-73.96409422159195,E 72 St & Park Ave,2019
359,3140,40.77140426,-73.9535166,1 Ave & E 78 St,2019
360,3141,40.76500525,-73.95818491,1 Ave & E 68 St,2019
361,3142,40.761227399999996,-73.96094022,1 Ave & E 62 St,2019
362,3143,40.77632142182271,-73.96427392959596,5 Ave & E 78 St,2019
363,3145,40.77862688,-73.95772073,E 84 St & Park Ave,2019
364,3146,40.77573034,-73.9567526,E 81 St & 3 Ave,2019
365,3148,40.77565541,-73.95068615,E 84 St & 1 Ave,2019
366,3150,40.77536905,-73.94803392,E 85 St & York Ave,2019
367,3151,40.7728384,-73.94989233,E 81 St & York Ave,2019
368,3152,40.76873687,-73.96119945,3 Ave & E 71 St,2019
369,3154,40.77314236,-73.95856158,E 77 St & 3 Ave,2019
370,3155,40.76440023,-73.96648977,Lexington Ave & E 63 St,2019
371,3156,40.76663814,-73.95348296,E 72 St & York Ave,2019
372,3157,40.77518615,-73.94446054,East End Ave & E 86 St,2019
373,3158,40.77163851,-73.98261428,W 63 St & Broadway,2019
374,3159,40.77492513,-73.98266566,W 67 St & Broadway,2019
375,3160,40.77896784,-73.97374737,Central Park West & W 76 St,2019
376,3161,40.7801839724239,-73.97728532552719,W 76 St & Columbus Ave,2019
377,3162,40.78339981,-73.98093133,W 78 St & Broadway,2019
378,3163,40.7734066,-73.97782542,Central Park West & W 68 St,2019
379,3164,40.7770575,-73.97898475,Columbus Ave & W 72 St,2019
380,3165,40.77579376683666,-73.97620573639871,Central Park West & W 72 St,2019
381,3166,40.780577990103346,-73.98562431335448,Riverside Dr & W 72 St,2019
382,3167,40.779668090073116,-73.98093044757842,Amsterdam Ave & W 73 St,2019
383,3168,40.78472675,-73.96961715,Central Park West & W 85 St,2019
384,3169,40.78720869,-73.98128127,Riverside Dr & W 82 St,2019
385,3170,40.78499979,-73.97283406,W 84 St & Columbus Ave,2019
386,3171,40.78524672,-73.97667321,Amsterdam Ave & W 82 St,2019
387,3172,40.7785669,-73.97754961,W 74 St & Columbus Ave,2019
388,3173,40.777507027547976,-73.98888587951659,Riverside Blvd & W 67 St,2019
389,3175,40.77748046,-73.98288594,W 70 St & Amsterdam Ave,2019
390,3177,40.7867947,-73.977112,W 84 St & Broadway,2019
391,3178,40.78414472,-73.98362492,Riverside Dr & W 78 St,2019
392,3179,40.698617,-73.941342,Park Ave & Marcus Garvey Blvd,2019
393,3182,40.686931,-74.016966,Yankee Ferry Terminal,2019
394,3184,40.7141454,-74.0335519,Paulus Hook,2019
395,3185,40.717732500000004,-74.04384499999999,City Hall,2019
396,3191,40.71821129999999,-74.08363940000001,Union St,2019
397,3192,40.711242299999995,-74.0557013,Liberty Light Rail,2019
398,3195,40.73089709786179,-74.06391263008119,Sip Ave,2019
399,3198,40.748715945380226,-74.04044330120088,Heights Elevator,2019
400,3202,40.7272235,-74.03375890000001,Newport PATH,2019
401,3205,40.71653978099194,-74.0496379137039,JC Medical Center,2019
402,3213,40.71848892,-74.047726625,Van Vorst Park,2019
403,3221,40.743,-73.93561,47 Ave & 31 St,2019
404,3231,40.76780080148132,-73.96592080593109,E 67 St & Park Ave,2019
405,3232,40.68962188790333,-73.98304268717766,Bond St & Fulton St,2019
406,3233,40.75724567911726,-73.97805914282799,E 48 St & 5 Ave,2019
407,3235,40.752165280621966,-73.97992193698882,E 41 St & Madison Ave,2019
408,3236,40.75898481399634,-73.99379968643187,W 42 St & Dyer Ave,2019
409,3241,40.686203000000006,-73.944694,Monroe St & Tompkins Ave,2019
410,3242,40.69102925677968,-73.99183362722397,Schermerhorn St & Court St,2019
411,3243,40.75892386377695,-73.96226227283478,E 58 St & 1 Ave (NE Corner),2019
412,3244,40.73143724085228,-73.99490341544151,University Pl & E 8 St,2019
413,3245,40.71644423134479,-73.9823305606842,NYCBS DEPOT - DELANCEY,2019
414,3249,40.680356084043396,-73.94767910242079,Verona Pl & Fulton St,2019
415,3254,40.69231660719192,-74.01486575603484,Soissons Landing,2019
416,3255,40.7505853470215,-73.9946848154068,8 Ave & W 31 St,2019
417,3256,40.7277140777778,-74.01129573583603,Pier 40 - Hudson River Park,2019
418,3259,40.74937024193277,-73.99923384189607,9 Ave & W 28 St,2019
419,3260,40.72706363348306,-73.99662137031554,Mercer St & Bleecker St,2019
420,3263,40.729514962249496,-73.99075269699097,Cooper Square & Astor Pl,2019
421,3267,40.7124188237569,-74.03852552175522,Morris Canal,2019
422,3276,40.71458403535893,-74.04281705617905,Marin Light Rail,2019
423,3282,40.78307,-73.95939,5 Ave & E 88 St,2019
424,3283,40.7882213,-73.97041561,W 89 St & Columbus Ave,2019
425,3284,40.781410700190015,-73.95595908164978,E 88 St & Park Ave,2019
426,3285,40.78839,-73.9747,W 87 St & Amsterdam Ave,2019
427,3286,40.7806284,-73.9521667,E 89 St & 3 Ave,2019
428,3287,40.789621999999994,-73.97757,W 87 St & West End Ave,2019
429,3288,40.778301,-73.9488134,E 88 St & 1 Ave,2019
430,3289,40.79017948095081,-73.97288918495178,W 90 St & Amsterdam Ave,2019
431,3290,40.7779453,-73.94604100000001,E 89 St & York Ave,2019
432,3292,40.785785100000005,-73.957481,5 Ave & E 93 St,2019
433,3293,40.7921,-73.9739,W 92 St & Broadway,2019
434,3294,40.7835016,-73.955327,E 91 St & Park Ave,2019
435,3295,40.791270000000004,-73.964839,Central Park W & W 96 St,2019
436,3296,40.78245417527987,-73.94891962409021,E 93 St & 2 Ave,2019
437,3297,40.668662700000006,-73.97988067,6 St & 7 Ave,2019
438,3298,40.686371,-73.99383324,Warren St & Court St,2019
439,3299,40.788129999999995,-73.95206,E 98 St & Park Ave,2019
440,3300,40.66514681533792,-73.97637605667114,Prospect Park West & 8 St,2019
441,3301,40.7919557,-73.968087,Columbus Ave & W 95 St,2019
442,3302,40.7969347,-73.9643412291,Columbus Ave & W 103 St,2019
443,3303,40.6849894,-73.99440329,Butler St & Court St,2019
444,3304,40.668127,-73.98377641,6 Ave & 9 St,2019
445,3305,40.781122299341654,-73.94965589046478,E 91 St & 2 Ave,2019
446,3306,40.666207799999995,-73.98199886,10 St & 7 Ave,2019
447,3307,40.7941654,-73.974124,West End Ave & W 94 St,2019
448,3308,40.686175799999994,-73.99645295,Kane St & Clinton St,2019
449,3309,40.7859201,-73.94860294,E 97 St & 3 Ave,2019
450,3310,40.663779,-73.98396846,14 St & 7 Ave,2019
451,3311,40.68763155,-74.0016256,Columbia St & Kane St,2019
452,3312,40.78172120000001,-73.94594000000001,1 Ave & E 94 St,2019
453,3313,40.666318100000005,-73.9854617,6 Ave & 12 St,2019
454,3314,40.7937704,-73.971888,W 95 St & Broadway,2019
455,3315,40.684751399999996,-73.99917254,Henry St & Degraw St,2019
456,3317,40.6686273,-73.98700053,10 St & 5 Ave,2019
457,3318,40.7839636,-73.94716729999999,2 Ave & E 96 St,2019
458,3319,40.666287,-73.98895053,14 St & 5 Ave,2019
459,3320,40.794066608185524,-73.96286845207214,Central Park West & W 100 St,2019
460,3321,40.683116399999996,-73.99785267,Clinton St & Union St,2019
461,3322,40.668603000000004,-73.99043940000001,12 St & 4 Ave,2019
462,3323,40.798185600000004,-73.96059090060001,W 106 St & Central Park West,2019
463,3324,40.6685455,-73.99333264,3 Ave & 14 St,2019
464,3325,40.7849032,-73.950503,E 95 St & 3 Ave,2019
465,3326,40.67434,-74.00194698,Clinton St & Centre St,2019
466,3327,40.787721399999995,-73.94728331,3 Ave & E 100 St,2019
467,3328,40.795,-73.9645,W 100 St & Manhattan Ave,2019
468,3329,40.6829151,-73.99318208,Degraw St & Smith St,2019
469,3330,40.672505799999996,-74.00494695,Henry St & Bay St,2019
470,3331,40.8013434,-73.97114574390001,Riverside Dr & W 104 St,2019
471,3332,40.68199044270703,-73.99079024791719,Degraw St & Hoyt St,2019
472,3333,40.6747055,-74.00755720000001,Columbia St & Lorraine St,2019
473,3335,40.6772744,-73.98282002,Union St & 4 Ave,2019
474,3336,40.787801,-73.953559,E 97 St & Madison Ave,2019
475,3337,40.67363551341504,-74.01195555925368,Dwight St & Van Dyke St,2019
476,3338,40.786258600000004,-73.94552579,2 Ave & E 99 St,2019
477,3339,40.6765304,-73.97846879,Berkeley Pl & 6 Ave,2019
478,3340,40.6753274,-74.0100698,Wolcott St & Dwight St,2019
479,3341,40.795346,-73.96186,Central Park West & W 102 St,2019
480,3342,40.677774799999995,-74.0094613,Pioneer St & Richards St,2019
481,3343,40.7997568,-73.9621128676,W 107 St & Columbus Ave,2019
482,3344,40.679043,-74.011169,Pioneer St & Van Brunt St,2019
483,3345,40.78948541553215,-73.9524292945862,Madison Ave & E 99 St,2019
484,3346,40.675146838709786,-73.9752320945263,Berkeley Pl & 7 Ave,2019
485,3347,40.6773429,-74.01275056,Van Brunt St & Wolcott St,2019
486,3348,40.677236,-74.015665,Coffey St & Conover St,2019
487,3349,40.6729679,-73.97087984,Grand Army Plaza & Plaza St West,2019
488,3350,40.797372100000004,-73.97041192,W 100 St & Broadway,2019
489,3351,40.7869946,-73.94164802,E 102 St & 1 Ave,2019
490,3352,40.67267243410948,-74.00879524648191,Sigourney St & Columbia St,2019
491,3354,40.668132,-73.97363831,3 St & Prospect Park West,2019
492,3355,40.768008893059466,-73.96845281124116,E 66 St & Madison Ave,2019
493,3356,40.7746671,-73.98470567,Amsterdam Ave & W 66 St,2019
494,3357,40.80083629999999,-73.9664492472,W 106 St & Amsterdam Ave,2019
495,3358,40.671197799999995,-73.97484126,Garfield Pl & 8 Ave,2019
496,3359,40.7691572,-73.96703464,E 68 St & Madison Ave,2019
497,3360,40.7829391,-73.9786517,Amsterdam Ave & W 79 St,2019
498,3361,40.6740886,-73.9787282,Carroll St & 6 Ave,2019
499,3362,40.7781314,-73.96069399,Madison Ave & E 82 St,2019
500,3363,40.7904828,-73.95033068,E 102 St & Park Ave,2019
501,3364,40.6751622,-73.9814832,Carroll St & 5 Ave,2019
502,3365,40.67038370000001,-73.97839676,3 St & 7 Ave,2019
503,3366,40.8021174,-73.9681805305,West End Ave & W 107 St,2019
504,3367,40.792255299999994,-73.95249933,5 Ave & E 103 St,2019
505,3368,40.672815500000006,-73.98352355,5 Ave & 3 St,2019
506,3369,40.7724607,-73.9468208,E 82 St & East End Ave,2019
507,3370,40.7727966,-73.95577801,E 78 St & 2 Ave,2019
508,3372,40.7689738,-73.95482273,E 74 St & 1 Ave,2019
509,3373,40.675070500000004,-73.98775226,3 St & 3 Ave,2019
510,3374,40.799484,-73.955613,Central Park North & Adam Clayton Powell Blvd,2019
511,3375,40.7699426,-73.96060712,3 Ave & E 72 St,2019
512,3376,40.76471851944339,-73.96222069859505,E 65 St & 2 Ave,2019
513,3377,40.6786115,-73.99037292,Carroll St & Bond St,2019
514,3378,40.773763,-73.96222088,E 76 St & Park Ave,2019
515,3379,40.790305100000005,-73.94755757,E 103 St & Lexington Ave,2019
516,3381,40.6777287,-73.99364123,3 St & Hoyt St,2019
517,3382,40.680611,-73.99475825,Carroll St & Smith St,2019
518,3383,40.804213,-73.96699104,Cathedral Pkwy & Broadway,2019
519,3384,40.678724200000005,-73.99599099,Smith St & 3 St,2019
520,3386,40.6809591,-73.99905709,1 Pl & Clinton St,2019
521,3387,40.79343370000001,-73.94945003,E 106 St & Madison Ave,2019
522,3388,40.6828003,-73.99990419,President St & Henry St,2019
523,3389,40.6830456,-74.00348559,Carroll St & Columbia St,2019
524,3390,40.79329668,-73.9432083,E 109 St & 3 Ave,2019
525,3391,40.7892529,-73.93956237,E 106 St & 1 Ave,2019
526,3392,40.681211700000006,-74.00860912,Commerce St & Van Brunt St,2019
527,3393,40.67943270000001,-74.00785041,Richards St & Delavan St,2019
528,3394,40.6769993,-74.00647134,Columbia St & W 9 St,2019
529,3395,40.6763744,-74.00324957,Henry St & W 9 St,2019
530,3396,40.6783563,-74.00014502,Clinton St & 4 Place,2019
531,3397,40.6763947,-73.99869893,Court St & Nelson St,2019
532,3398,40.67469570000001,-73.99785768,Smith St & 9 St,2019
533,3399,40.67260298150126,-73.98983001708984,7 St & 3 Ave,2019
534,3400,40.796153499999996,-73.94782145,E 110 St & Madison Ave,2019
535,3402,40.6902375,-73.99203074,Court St & State St,2019
536,3403,40.6705135,-73.98876585,4 Ave & 9 St,2019
537,3404,40.670492200000005,-73.98541675,7 St & 5 Ave,2019
538,3405,40.670483600000004,-73.98208968,5 St & 6 Ave,2019
539,3407,40.67909799721684,-73.98765474557877,Union St & Nevins St,2019
540,3408,40.6881529,-73.99520919,Congress St & Clinton St,2019
541,3409,40.686744299999994,-73.99063168,Bergen St & Smith St,2019
542,3410,40.686444200000004,-73.98759104,Dean St & Hoyt St,2019
543,3411,40.6849668,-73.98620772,Bond St & Bergen St,2019
544,3412,40.6853761,-73.98302136,Pacific St & Nevins St,2019
545,3413,40.6827549,-73.98258555,Wyckoff St & 3 Ave,2019
546,3414,40.680944723477296,-73.97567331790923,Bergen St & Flatbush Ave,2019
547,3415,40.6793307,-73.97519523,Prospect Pl & 6 Ave,2019
548,3416,40.67761470000001,-73.97324283,7 Ave & Park Pl,2019
549,3417,40.6795766,-73.97854971,Baltic St & 5 Ave,2019
550,3418,40.675020700000005,-73.97111473,Plaza St West & Flatbush Ave,2019
551,3419,40.67927879999999,-73.98154004,Douglass St & 4 Ave,2019
552,3420,40.6802133,-73.98432695,Douglass St & 3 Ave,2019
553,3422,40.6859296,-74.00242364,Columbia St & Degraw St,2019
554,3423,40.6610633719006,-73.97945255041121,West Drive & Prospect Park West,2019
555,3424,40.791976,-73.945993,E 106 St & Lexington Ave,2019
556,3425,40.789210499999996,-73.94370784,2 Ave & E 104 St,2019
557,3429,40.68506807308177,-73.97790759801863,Hanson Pl & Ashland Pl,2019
558,3430,40.71907891179564,-73.94223690032959,Richardson St & N Henry St,2019
559,3435,40.718821999999996,-73.99596,Grand St & Elizabeth St,2019
560,3437,40.793134809866636,-73.97700369358063,Riverside Dr & W 91 St,2019
561,3440,40.692418292578466,-73.98949474096298,Fulton St & Adams St,2019
562,3441,40.752957,-74.00264,10 Hudson Yards,2019
563,3443,40.76132983124814,-73.97982001304626,W 52 St & 6 Ave,2019
564,3449,40.72146256229816,-73.94800901412964,Eckford St & Engert Ave,2019
565,3452,40.71915571696044,-73.94885390996933,Bayard St & Leonard St,2019
566,3453,40.71335226222875,-73.9491033554077,Devoe St & Lorimer St,2019
567,3454,40.71036854235229,-73.94705951213838,Leonard St & Maujer St,2019
568,3456,40.716380319735606,-73.94821286201476,Jackson St & Leonard St,2019
569,3457,40.763025942805186,-73.97209525108337,E 58 St & Madison Ave,2019
570,3459,40.75763227739443,-73.9693057537079,E 53 St & 3 Ave,2019
571,3461,40.71485150526252,-74.01122331619263,Murray St & Greenwich St,2019
572,3463,40.735367055605394,-73.98797392845155,E 16 St & Irving Pl,2019
573,3467,40.72494672359416,-74.00165855884552,W Broadway & Spring Street,2019
574,3469,40.73181401720966,-73.95995020866394,India St & West St,2019
575,3472,40.742753828659026,-74.00747358798982,W 15 St & 10 Ave,2019
576,3477,40.65539977447831,-74.0106278657913,39 St & 2 Ave - Citi Bike HQ at Industry City,2019
577,3478,40.65708866668485,-74.00870203971863,2 Ave & 36 St - Citi Bike HQ at Industry City,2019
578,3479,40.68512559515415,-74.02535319328308,Picnic Point,2019
579,3481,40.71649,-74.04105,York St,2019
580,3486,40.68841742754083,-73.98451656103134,Schermerhorn St & Bond St,2019
581,3490,40.796879,-73.93726099999999,E 116 St & 2 Ave,2019
582,3491,40.797470000000004,-73.93504,E 118 St & 1 Ave,2019
583,3492,40.8005385,-73.9419949,E 118 St & Park Ave,2019
584,3493,40.799139000000004,-73.9389152,E 118 St & 3 Ave,2019
585,3494,40.797911,-73.9423,E 115 St & Lexington Ave,2019
586,3495,40.79456629999999,-73.9362541,E 114 St & 1 Ave,2019
587,3496,40.7923272,-73.9383,1 Ave & E 110 St,2019
588,3497,40.794987899999995,-73.9333349,Pleasant Ave & E 116 St,2019
589,3498,40.7974772,-73.9311847,Pleasant Ave & E 120 St,2019
590,3499,40.8006721,-73.9349,2 Ave & E 122 St,2019
591,3500,40.7989445,-73.944846,E 115 St & Madison Ave,2019
592,3501,40.801486600000004,-73.9442507,E 118 St & Madison Ave,2019
593,3502,40.79541210000001,-73.9441232,Lexington Ave & E 111 St,2019
594,3503,40.80295,-73.942954,Madison Ave & E 120 St,2019
595,3504,40.802926299999996,-73.9379,E 123 St & Lexington Ave,2019
596,3505,40.805726,-73.936322,Lexington Ave & E 127 St,2019
597,3506,40.8013066,-73.93981670000001,Lexington Ave & E 120 St,2019
598,3507,40.8045555,-73.93968609999999,Park Ave & E 124 St,2019
599,3508,40.809725,-73.953149,St Nicholas Ave & Manhattan Ave,2019
600,3509,40.8011939,-73.9500739,Lenox Ave & W 115 St,2019
601,3510,40.8078316,-73.949373,Adam Clayton Powell Blvd & W 123 St,2019
602,3511,40.802535,-73.9532423,Adam Clayton Powell Blvd & W 115 St,2019
603,3513,40.774645,-73.92370600000001,21 St & Hoyt Ave S,2019
604,3514,40.7767,-73.927631,Astoria Park S & Shore Blvd,2019
605,3515,40.774591,-73.918544,24 Ave & 26 St,2019
606,3516,40.76991760000001,-73.91840570000001,31 St & Astoria Blvd,2019
607,3517,40.771152799999996,-73.9170074,31 St & Hoyt Ave N,2019
608,3518,40.808442,-73.94520870000001,Lenox Ave & W 126 St,2019
609,3520,40.804372,-73.951475,Adam Clayton Powell Blvd & W 118 St,2019
610,3521,40.7987859,-73.9523,Lenox Ave & W 111 St,2019
611,3522,40.7701477,-73.9120938,37 St & 24 Ave,2019
612,3523,40.7729,-73.91614200000001,24 Ave & 29 St,2019
613,3524,40.777455200000006,-73.9225403,19 St & 24 Ave,2019
614,3525,40.776165,-73.9153175,23 Ave & 27 St,2019
615,3526,40.7747878,-73.91255509999999,31 St & 23 Ave,2019
616,3527,40.806979999999996,-73.94174699999999,5 Ave & E 126 St,2019
617,3528,40.771393700000004,-73.9077436,Steinway St & 23 Ave,2019
618,3529,40.8107922,-73.9430681,Lenox Ave & W 130 St,2019
619,3530,40.7787185,-73.9145645,Crescent St & Ditmars Blvd,2019
620,3531,40.8125511,-73.9492286,Frederick Douglass Blvd & W 129 St,2019
621,3532,40.78145,-73.9183302,Ditmars Blvd & 19 St,2019
622,3533,40.8114323,-73.95187759999999,St. Nicholas Ave & W 126 St,2019
623,3534,40.805159,-73.95469200000001,Frederick Douglass Blvd & W 117 St,2019
624,3535,40.804038,-73.945925,Mt Morris Park W & W 120 St,2019
625,3536,40.8082,-73.9641,W 116 St & Broadway,2019
626,3537,40.68097410000001,-73.97100970000001,Carlton Ave & Dean St,2019
627,3538,40.802692,-73.96295,W 110 St & Amsterdam Ave,2019
628,3539,40.8067581,-73.9607082,W 116 St & Amsterdam Ave,2019
629,3540,40.81,-73.9551508,Morningside Ave & W 123 St,2019
630,3541,40.813358,-73.956461,Amsterdam Ave & W 125 St,2019
631,3542,40.8086249,-73.9596214,Amsterdam Ave & W 119 St,2019
632,3543,40.81028506306003,-73.95736455917357,Morningside Dr & Amsterdam Ave,2019
633,3544,40.6804836,-73.9646795,Underhill Ave & Pacific St,2019
634,3545,40.8120562,-73.9612547,Broadway & W 122 St,2019
635,3546,40.67919439999999,-73.95879029999999,Pacific St & Classon Ave,2019
636,3547,40.8143256,-73.9590255,Broadway & Moylan Pl,2019
637,3549,40.678045000000004,-73.962408,Grand Ave & Bergen St,2019
638,3551,40.795508,-73.94160600000001,3 Ave & E 112 St,2019
639,3552,40.805973,-73.964928,W 113 St & Broadway,2019
640,3553,40.801694,-73.957145,Frederick Douglass Blvd & W 112 St,2019
641,3554,40.7552433,-73.94856779999999,Vernon Blvd & 41 Rd,2019
642,3555,40.751047,-73.93796999999999,28 St & 41 Ave,2019
643,3556,40.752708500000004,-73.9397405,24 St & 41 Ave,2019
644,3557,40.75742,-73.945133,40 Ave & 9 St,2019
645,3558,40.6794388,-73.96804379999999,Bergen St & Vanderbilt Ave,2019
646,3559,40.7576314,-73.9391224,21 St & 38 Ave,2019
647,3560,40.754876,-73.934326,28 St & 38 Ave,2019
648,3561,40.7531106,-73.9279917,37 Ave & 35 St,2019
649,3562,40.676519799999994,-73.9596082,Classon Ave & St Marks Ave,2019
650,3563,40.757186,-73.93271899999999,28 St & 36 Ave,2019
651,3564,40.760185299999996,-73.9362726,21 St & 36 Ave,2019
652,3565,40.7614376,-73.9411265,36 Ave & 10 St,2019
653,3566,40.7596276,-73.93214549999999,Crescent St & 35 Ave,2019
654,3567,40.76274420000001,-73.9391141,11 St & 35 Ave,2019
655,3568,40.756933200000006,-73.92622309999999,34 St & 35 Ave,2019
656,3569,40.6758324,-73.95616770000001,Franklin Ave & St Marks Ave,2019
657,3570,40.7557327,-73.92366109999999,35 Ave & 37 St,2019
658,3571,40.676368,-73.95291800000001,Bedford Ave & Bergen St,2019
659,3572,40.756913,-73.921631,34 Ave & 38 St,2019
660,3573,40.7580583,-73.92427509999999,35 St & 34 Ave,2019
661,3574,40.6769694,-73.96579,Prospect Pl & Underhill Ave,2019
662,3575,40.76108,-73.930562,Crescent St & 34 Ave,2019
663,3576,40.6767,-73.969024,Park Pl & Vanderbilt Ave,2019
664,3577,40.762813799999996,-73.9342862,34 Ave & 21 St,2019
665,3578,40.67418060000001,-73.95649470000001,Park Pl & Franklin Ave,2019
666,3579,40.672695000000004,-73.954131,Sterling Pl & Bedford Ave,2019
667,3580,40.6737236,-73.9631611,St Johns Pl & Washington Ave,2019
668,3581,40.674012299999994,-73.9671457,Underhill Ave & Lincoln Pl,2019
669,3582,40.672168299999996,-73.9609,Lincoln Pl & Classon Ave,2019
670,3583,40.6716493,-73.9631145,Eastern Pkwy & Washington Ave,2019
671,3584,40.670776700000005,-73.9576801,Eastern Pkwy & Franklin Ave,2019
672,3585,40.6691783,-73.9554162,Union St & Bedford Ave,2019
673,3586,40.763875299999995,-73.9364848,34 Ave & 13 St,2019
674,3587,40.6686744,-73.9618148,Carroll St & Washington Ave,2019
675,3588,40.7671863,-73.9373554,Vernon Blvd & 10 St,2019
676,3589,40.7668,-73.93477740000002,Broadway & 12 St,2019
677,3590,40.6679411,-73.9588,Carroll St & Franklin Ave,2019
678,3591,40.7659,-73.930819,21 St & 31 Dr,2019
679,3592,40.7633589,-73.92864709999999,Crescent St & Broadway,2019
680,3593,40.761584,-73.925921,31 St & Broadway,2019
681,3595,40.760339,-73.9222427,35 St & Broadway,2019
682,3596,40.6642406,-73.9574686,Sullivan Pl & Bedford Ave,2019
683,3597,40.7577284,-73.9166368,43 St & Broadway,2019
684,3598,40.7595701,-73.91426779999999,Newton Rd & 44 St,2019
685,3599,40.663140000000006,-73.96056949999999,Franklin Ave & Empire Blvd,2019
686,3601,40.6627059,-73.9569115,Sterling St & Bedford Ave,2019
687,3602,40.763154,-73.920827,31 Ave & 34 St,2019
688,3603,40.7647,-73.9240312,31 Ave & 30 St,2019
689,3604,40.6630619,-73.95387459999999,Rogers Ave & Sterling St,2019
690,3605,40.765834600000005,-73.9265474,31 Ave & Crescent St,2019
691,3606,40.74252,-73.948852,49 Ave & 21 St,2019
692,3607,40.7682,-73.9322662,31 Ave & 14 St,2019
693,3608,40.7423737,-73.9566,5 St & 51 Ave,2019
694,3609,40.7692475,-73.93545040000001,Vernon Blvd & 31 Ave,2019
695,3610,40.770845,-73.93417099999999,Vernon Blvd & 30 Rd,2019
696,3611,40.7449067,-73.9534573,Vernon Blvd & 47 Rd,2019
697,3612,40.77037429999999,-73.9286078,30 Ave & 21 St,2019
698,3613,40.745038,-73.957539,Center Blvd & 48 Ave,2019
699,3614,40.768692,-73.9249574,Crescent St & 30 Ave,2019
700,3615,40.748000000000005,-73.94609270000001,44 Dr & 21 St,2019
701,3616,40.7656251,-73.9136695,Steinway St & 28 Ave,2019
702,3617,40.7671,-73.9169858,28 Ave & 35 St,2019
703,3618,40.7485,-73.941275,27 St & Hunter St,2019
704,3619,40.7713615,-73.9246145,Newtown Ave & 23 St,2019
705,3620,40.7519071,-73.94791190000001,11 St & 43 Ave,2019
706,3621,40.7739825,-73.93091340000001,27 Ave & 9 St,2019
707,3622,40.807559999999995,-73.93918199999999,E 128 St & Madison Ave,2019
708,3623,40.8109494,-73.9634,W 120 St & Claremont Ave,2019
709,3628,40.8025566,-73.9490782,Lenox Ave & W 117 St,2019
710,3629,40.809495347779475,-73.94776493310928,Adam Clayton Powell Blvd & W 126 St,2019
711,3630,40.8038654,-73.95593079999999,Frederick Douglass Blvd & W 115 St,2019
712,3637,40.68323865460341,-73.96599590778352,Fulton St & Waverly Ave,2019
713,3639,40.71925170000001,-74.034234,Harborside,2019
714,3641,40.74286877312112,-73.98918628692627,Broadway & W 25 St,2019
715,3646,40.763154819103725,-73.93985509872438,35 Ave & 10 St,2019
716,3647,40.74128309355993,-73.93725872039794,48 Ave & 30 Pl,2019
717,3648,40.69795031569544,-73.97077560424805,Flushing Ave & Vanderbilt Ave,2019
718,3649,40.81439443791581,-73.95324736833571,W 129 St & Convent Ave,2019
719,3654,40.75186951421875,-73.93349289894103,31 St & Northern Blvd,2019
720,3656,40.72307749068673,-73.98583620786667,E 2 St & Avenue A,2019
721,3658,40.7435337324616,-74.00367558002472,W 18 St & 9 Ave,2019
722,3661,40.666439306870814,-73.96055638790129,Montgomery St & Franklin Ave,2019
723,3662,40.76129389728909,-73.916916847229,31 Ave & Steinway St,2019
724,3664,40.72019521437465,-74.0103006362915,North Moore St & Greenwich St,2019
725,3668,40.7239567849954,-73.94984364509583,Leonard St & Nassau Ave,2019
726,3671,40.77477944895728,-73.95427465438844,E 81 St & 2 Ave,2019
727,3673,40.67759206937376,-73.95563721656801,Dean St & Franklin Ave,2019
728,3674,40.70140317257725,-73.98672670125961,Jay St & York St,2019
729,3675,40.784596798848916,-73.94968539476396,3 Ave & E 95 St,2019
730,3676,40.675832943912894,-74.01472628116608,Van Brunt St & Van Dyke St,2019
731,3680,40.754120810779256,-73.98025184869765,E 43 St & 5 Ave,2019
732,3686,40.73944820130404,-74.00507032871245,Gansevoort St & Hudson St,2019
733,3687,40.74322681432173,-73.97449783980845,E 33 St & 1 Ave,2019
734,3689,40.79904139288298,-73.96649479866028,W 104 St & Amsterdam Ave,2019
735,3690,40.71334184275907,-74.00935515761375,Park Pl & Church St,2019
736,3691,40.76408932350689,-73.9106512069702,28 Ave & 44 St,2019
737,3692,40.6999974843885,-73.97440128028394,5 St & Market St,2019
738,3693,40.72248188638219,-73.95921930670737,N 11 St & Kent Ave,2019
739,3697,40.77515953434235,-73.98918695747851,W 64 St & Thelonious Monk Circle,2019
740,3699,40.76360467795863,-73.98917958140373,W 50 St & 9 Ave,2019
741,3704,40.7437524099784,-73.94176483154297,47 Ave & Skillman Ave,2019
742,3707,40.741459000000006,-73.983293,Lexington Ave & E 26 St,2019
743,3708,40.735445,-73.99431,W 13 St & 5 Ave,2019
744,3711,40.72966729392978,-73.98067966103555,E 13 St & Avenue A,2019
745,3712,40.754691750226016,-73.9974018931389,W 35 St & Dyer Ave,2019
746,3714,40.70684203101325,-73.9544353965357,Division Av & Hooper St,2019
747,3715,40.71816969454208,-73.95520135760306,Driggs Ave & N 9 St,2019
748,3716,40.7535992020056,-73.9379560947418,40 Ave & Crescent St,2019
749,3718,40.727464206923926,-73.97950418293476,E 11 St & Avenue B,2019
750,3720,40.68461653897949,-73.98721285164356,Wyckoff St & Bond St,2019
751,3721,40.7675487799971,-73.92093345522879,31 St & Newtown Ave,2019
752,3723,40.69531727766904,-73.99015724658966,Cadman Plaza E & Johnson St,2019
753,3724,40.7667405590595,-73.9790689945221,7 Ave & Central Park South,2019
754,3725,40.7687620293096,-73.95840793848038,2 Ave & E 72 St,2019
755,3726,40.74336608027021,-73.95960688591003,Center Blvd & 51 Ave,2019
756,3727,40.71766197083994,-73.94880026578903,Frost St & Meeker Ave,2019
757,3728,40.69535693320225,-73.99344027042389,Pierrepont St & Monroe Pl,2019
758,3733,40.730563000000004,-73.973984,Avenue C & E 18 St,2019
759,3734,40.759125,-73.96265799999999,E 58 St &  1 Ave (NW Corner),2019
760,3737,40.720746999999996,-73.986274,Stanton St & Norfolk St,2019
761,3745,40.75651272984955,-73.92957486212252,36 Ave & 31 St,2019
762,3746,40.72430832160217,-74.00473035871983,6 Ave & Broome St,2019
763,3747,40.777553742988864,-73.95512759685515,E 84 St & 3 Ave,2019
764,3749,40.747573958954796,-73.97880077362059,Lexington Ave & E 36 St,2019
765,3755,40.69064807082943,-73.95746178925037,DeKalb Ave & Franklin Ave,2019
766,3756,40.704508000000004,-73.9351,White St & Moore St,2019
767,3757,40.710681,-73.93372,Stagg St & Morgan Ave,2019
768,3758,40.702996999999996,-73.92997,George St & Wilson Ave,2019
769,3759,40.70538,-73.92535,Irving Ave & Jefferson St,2019
770,3760,40.705614000000004,-73.92153,Willoughby Ave & Wyckoff Ave,2019
771,3761,40.697842,-73.926241,Cedar St & Myrtle Ave,2019
772,3762,40.677027,-73.9865,3 Ave & Carroll St,2019
773,3763,40.707165,-73.923711,Wyckoff Av & Jefferson St,2019
774,3764,40.705517,-73.93936,Bushwick Ave & McKibbin St,2019
775,3765,40.709897,-73.94008000000001,Bushwick Ave & Stagg St,2019
776,3766,40.715353,-73.93856,Sharon St & Olive St,2019
777,3767,40.713229999999996,-73.93894,Powers St & Olive St,2019
778,3768,40.710190000000004,-73.93734,Waterbury St & Stagg St,2019
779,3769,40.707174,-73.93581,White St & Johnson Ave,2019
780,3770,40.702831,-73.9333,Central Ave & Flushing Ave,2019
781,3771,40.706237,-73.933871,McKibbin St & Bogart St,2019
782,3772,40.713811,-73.93515,Devoe St & Morgan Ave,2019
783,3773,40.70539,-73.92976,Knickerbocker Ave & Thames St,2019
784,3774,40.704425,-73.92836,Knickerbocker Ave & George St,2019
785,3775,40.702013,-73.923769,Suydam St & Knickerbocker Ave,2019
786,3776,40.700003,-73.92834,Central Ave & Starr Street,2019
787,3777,40.699304,-73.92304399999999,Stockholm St & Wilson Ave,2019
788,3778,40.7027,-73.92095,Irving Ave & DeKalb Ave,2019
789,3779,40.704876,-73.919911,Hart St & Wyckoff Ave,2019
790,3781,40.698568,-73.918877,Greene Av & Myrtle Av,2019
791,3782,40.698458,-73.997178,Brooklyn Bridge Park - Pier 2,2019
792,3783,40.70838,-74.00495,Cliff St & Fulton St,2019
793,3787,40.69985,-73.97140999999999,Dock 72 Way & Market St,2019
794,3788,40.732690000000005,-73.98974,E 12 St & 4 Av,2019
795,3789,40.68186,-73.95943199999999,Fulton St & Irving Pl,2019
796,3790,40.7003,-73.99158100000001,Henry St & Middagh St,2019
797,3793,40.732339777151054,-73.97898383438587,Stuyvesant Walk & 1 Av Loop,2019
798,3795,40.671907,-73.993612,10 St & 2 Ave,2019
799,3798,40.752269,-73.982079,W 40 St & 5 Ave,2019
800,3799,40.74964,-73.98805,6 Ave & W 34 St,2019
801,3803,40.665816,-73.95693399999999,Bedford Ave & Montgomery St,2019
802,3804,40.702461,-73.98684200000001,Front St & Jay St,2019
803,3805,40.776173,-73.959757,E 80 St & Park Ave,2019
804,3809,40.763189000000004,-73.978434,W 55 St & 6 Ave,2019
805,3810,40.782593,-73.971211,Central Park West & W 82 St,2019
806,3811,40.77485,-73.9342,27 Ave & 3 St,2019
807,3812,40.734814,-73.992085,University Pl & E 14 St,2019
808,3816,40.714290000000005,-73.93323000000001,Metropolitan Ave & Vandervoort Ave,2019
809,3817,40.717729999999996,-73.94051,Withers St & Kingsland Ave,2019
810,3818,40.72984,-73.94839,Calyer St & Jewel St,2019
811,3819,40.733959999999996,-73.95204,Green St & McGuinness Blvd,2019
812,3820,40.69757,-73.93098,Willoughby Ave & Myrtle Ave,2019
813,3821,40.70106,-73.93318000000001,Evergreen Ave & Noll St,2019
814,3822,40.700759999999995,-73.93641,Bushwick Ave & Forrest St,2019
815,3823,40.700990000000004,-73.93921,Beaver St & Fayette St,2019
816,3842,40.69502,-73.92825,Bushwick Ave & Dekalb Ave,2019
817,3853,40.70686,-73.92851,Harrison Pl & Porter Ave,2019
818,3854,40.716657,-73.93637,Morgan Ave & Maspeth Ave,2019
819,3858,40.73124,-73.95161,Kent St & McGuinness Blvd,2019
